HGNC	Log_FC	Average_Expr	P_value	adj_P_value
CCND2	1.8	9.4	0.000498744017223434	0.000498744017223434
GZMB	1.8	9.8	0.000775717299066058	0.000775717299066058
LAMA5	1.7	5.3	0.000262260057150594	0.000262260057150594
HSPA1A	1.7	6.9	0.000659928215809409	0.000659928215809409
CARD11	1.7	8.5	0.00140170704156457	0.00140170704156457
MLLT4	1.7	7.4	0.00165222617331654	0.00165222617331654
IL12A	1.6	4.5	0.00126749585239435	0.00126749585239435
IL6	1.6	4.5	0.00161082265202375	0.00161082265202375
SOCS3	1.6	7.6	0.00224837292522183	0.00224837292522183
PIM1	1.5	10.5	0.000383306701258417	0.000383306701258417
DUSP5	1.5	8.6	0.00109788485181646	0.00109788485181646
MAP2K6	1.5	6.5	0.00165321268384024	0.00165321268384024
RUNX1	1.4	7.6	0.00111741161590384	0.00111741161590384
POLD1	1.4	6.5	0.00172498097455174	0.00172498097455174
TNF	1.4	7.5	0.00466161405987868	0.00466161405987868
WNT11	1.4	3.8	0.0187186788534311	0.0187186788534311
SFRP4	1.4	5.4	0.073375261255043	0.073375261255043
RASA4	1.3	8.5	0.00307913735454267	0.00307913735454267
CDKN2D	1.3	6.4	0.00488654752682826	0.00488654752682826
CIC	1.3	7.3	0.00701307185721742	0.00701307185721742
KMT2C	1.3	8.3	0.0141117896322318	0.0141117896322318
HSP90B1	1.2	10.3	0.000887286606453561	0.000887286606453561
DTX3	1.2	6.2	0.00336999667107865	0.00336999667107865
PRKDC	1.2	9.7	0.00625871074133215	0.00625871074133215
WHSC1	1.2	8.8	0.013148595969524	0.013148595969524
PDGFC	1.2	5.4	0.0167628740168002	0.0167628740168002
PLCB1	1.2	4.4	0.0191027880156284	0.0191027880156284
DDIT4	1.2	7.1	0.0485234729840895	0.0485234729840895
CCND1	1.1	7.2	0.00249295484323627	0.00249295484323627
ATM	1.1	8	0.00355214964856265	0.00355214964856265
EPHA2	1.1	5	0.00364535363738417	0.00364535363738417
FANCF	1.1	6.7	0.0039181325078209	0.0039181325078209
CBLC	1.1	2.9	0.00422532264848247	0.00422532264848247
NSD1	1.1	7.7	0.0128256432408384	0.0128256432408384
LAMB3	1.1	3.9	0.0158577857453489	0.0158577857453489
MTOR	1.1	6.9	0.0204531102551981	0.0204531102551981
LEF1	1.1	6.3	0.0349674175642564	0.0349674175642564
SFRP2	1.1	5.2	0.126925265541746	0.126925265541746
FGF5	1	2.8	0.00127406959104232	0.00127406959104232
CSF2	1	3.5	0.00209420148095088	0.00209420148095088
CALML6	1	3.5	0.00481646982946432	0.00481646982946432
FLT3	1	4.5	0.00552685177267186	0.00552685177267186
COL24A1	1	3.9	0.00571107725942404	0.00571107725942404
SP1	1	7.7	0.00641936592953681	0.00641936592953681
CDK2	1	7.3	0.007217873537972	0.007217873537972
GNAQ	1	6.9	0.00815957848237607	0.00815957848237607
NFKBIZ	1	9.4	0.00996359089527211	0.00996359089527211
CBL	1	8.4	0.0129767044147202	0.0129767044147202
SMAD2	1	8.9	0.0136594852983999	0.0136594852983999
PML	1	8.9	0.0149747415484444	0.0149747415484444
KRAS	1	8.4	0.0150171496859482	0.0150171496859482
MYC	1	9.1	0.019194571836148	0.019194571836148
IL1B	1	6	0.0233260627679898	0.0233260627679898
MMP9	1	10.4	0.0496001196615815	0.0496001196615815
IL8	1	7.2	0.154740314245638	0.154740314245638
MAP3K14	0.9	8.4	0.0122083769905013	0.0122083769905013
RAC2	0.9	10.7	0.0133775424306385	0.0133775424306385
RAC3	0.9	5.5	0.0141664060710105	0.0141664060710105
MCM5	0.9	8.2	0.0146080270909094	0.0146080270909094
HOXA10	0.9	5.9	0.0156501047940004	0.0156501047940004
NTRK1	0.9	3.5	0.0157420756226817	0.0157420756226817
PRKCB	0.9	9.5	0.0187323853748802	0.0187323853748802
HMGA1	0.9	9	0.0222574477076736	0.0222574477076736
MFNG	0.9	8.4	0.0234805123905315	0.0234805123905315
RAD52	0.9	6.9	0.0269742157984624	0.0269742157984624
ITGB4	0.9	6.6	0.037133349669115	0.037133349669115
CDK6	0.9	8.3	0.0373066661755592	0.0373066661755592
NOS3	0.9	4.9	0.0396269565602197	0.0396269565602197
WNT3	0.9	5.2	0.0448181098562889	0.0448181098562889
LAT	0.9	7.5	0.0500290738501089	0.0500290738501089
CCR7	0.9	7.9	0.0595484712771358	0.0595484712771358
CD14	0.9	8.5	0.0805651219248671	0.0805651219248671
WNT10A	0.9	6.5	0.108798727654482	0.108798727654482
COL1A1	0.9	9.3	0.177949709649415	0.177949709649415
FANCE	0.8	6.1	0.00869034987913909	0.00869034987913909
FANCG	0.8	6.8	0.0115863877059786	0.0115863877059786
PDGFA	0.8	5.5	0.0144620567480743	0.0144620567480743
TGFB1	0.8	9.7	0.0172232258008716	0.0172232258008716
CDKN1B	0.8	6.4	0.0172245538236332	0.0172245538236332
H2AFX	0.8	8.8	0.0173363658756395	0.0173363658756395
ATR	0.8	8.7	0.0173912676571377	0.0173912676571377
STAT3	0.8	10.8	0.0197658546414611	0.0197658546414611
MAML2	0.8	6.6	0.0205820332302608	0.0205820332302608
CREBBP	0.8	5.6	0.0229161596396555	0.0229161596396555
SUV39H2	0.8	7.6	0.0290365858922072	0.0290365858922072
MCM2	0.8	8.7	0.0310477351081279	0.0310477351081279
CSF3R	0.8	6.7	0.0347729213575555	0.0347729213575555
TNFRSF10D	0.8	5.5	0.0365247627994459	0.0365247627994459
IGF1R	0.8	7.3	0.0391315614129683	0.0391315614129683
PRKCG	0.8	3.1	0.0406107169958913	0.0406107169958913
PIK3CD	0.8	9	0.0431528181107674	0.0431528181107674
HSPB1	0.8	8.8	0.044387469917028	0.044387469917028
PIK3R2	0.8	7.2	0.0487499784943184	0.0487499784943184
CASP8	0.8	9.2	0.0521582287242698	0.0521582287242698
TFDP1	0.8	9.1	0.0547316558629751	0.0547316558629751
NUMBL	0.8	6.1	0.0585984205092689	0.0585984205092689
DUSP2	0.8	8.4	0.0606623951582496	0.0606623951582496
GADD45G	0.8	5	0.0651360446543996	0.0651360446543996
CDH1	0.8	5.4	0.065705808536156	0.065705808536156
FANCA	0.8	7.4	0.071424327529102	0.071424327529102
HSPA6	0.8	6.6	0.10951208692929	0.10951208692929
TCL1B	0.8	3.6	0.178632509909936	0.178632509909936
MMP3	0.8	4.6	0.182313098673193	0.182313098673193
WNT7A	0.7	3.9	0.0182281724298045	0.0182281724298045
IL3RA	0.7	6.4	0.0248565181853112	0.0248565181853112
CACNA1G	0.7	3.7	0.0292222741599005	0.0292222741599005
ITGA3	0.7	6.7	0.0324597840313425	0.0324597840313425
SMAD4	0.7	9.2	0.0350905958710874	0.0350905958710874
PDGFB	0.7	4.1	0.0374590782710211	0.0374590782710211
FGF17	0.7	2.9	0.0386867444028387	0.0386867444028387
TGFB3	0.7	6.6	0.0407868442276185	0.0407868442276185
CCNE1	0.7	7.7	0.0431518845729192	0.0431518845729192
HDAC10	0.7	7.8	0.0521995013625864	0.0521995013625864
MUTYH	0.7	5.9	0.053800117866779	0.053800117866779
TNFRSF10B	0.7	6.7	0.0545603911027386	0.0545603911027386
NOTCH1	0.7	7.9	0.054597903816708	0.054597903816708
ALKBH2	0.7	6	0.0554402256155219	0.0554402256155219
FZD10	0.7	3.2	0.0562939127370518	0.0562939127370518
PKMYT1	0.7	7	0.0567654672802728	0.0567654672802728
PROM1	0.7	3.9	0.0604661752279953	0.0604661752279953
SOS2	0.7	7.6	0.0656037932779855	0.0656037932779855
KMT2D	0.7	8.6	0.0689090463772187	0.0689090463772187
XPA	0.7	7.2	0.0697500016966826	0.0697500016966826
JAK2	0.7	9.6	0.0779049389813245	0.0779049389813245
SOCS2	0.7	5.8	0.0818422267410391	0.0818422267410391
JAK3	0.7	9.2	0.0857250451797079	0.0857250451797079
IL2RA	0.7	8.3	0.0865599586951825	0.0865599586951825
FGFR4	0.7	3.2	0.0916515751311285	0.0916515751311285
ID1	0.7	6.9	0.0937849808636381	0.0937849808636381
MAP3K12	0.7	5	0.0942580758206738	0.0942580758206738
FUT8	0.7	8.6	0.109453617973399	0.109453617973399
AXIN2	0.7	4.6	0.120554636145702	0.120554636145702
SFN	0.7	5.4	0.222330211733892	0.222330211733892
SPP1	0.7	7.4	0.254133255987729	0.254133255987729
COL27A1	0.6	5.7	0.0451921523853392	0.0451921523853392
ITGA2	0.6	5.5	0.0454890854951181	0.0454890854951181
FGF6	0.6	2.5	0.0492342028929251	0.0492342028929251
CHAD	0.6	3.6	0.0507449183978446	0.0507449183978446
IL11	0.6	4.1	0.0532665480081835	0.0532665480081835
DLL4	0.6	5.6	0.0536235016173955	0.0536235016173955
COL11A2	0.6	3.1	0.0578879400838632	0.0578879400838632
IKBKB	0.6	7.4	0.0580093078617185	0.0580093078617185
ERBB2	0.6	6.1	0.0587940896480724	0.0587940896480724
EZH2	0.6	9.3	0.0628576546474652	0.0628576546474652
SRSF2	0.6	9.9	0.0669777299847049	0.0669777299847049
AXIN1	0.6	7.7	0.0693594454433249	0.0693594454433249
OSM	0.6	5.3	0.0702805159598634	0.0702805159598634
WNT10B	0.6	4.6	0.0720934342017075	0.0720934342017075
GATA2	0.6	4.7	0.0753822373413972	0.0753822373413972
EIF4EBP1	0.6	7.6	0.0762923541586265	0.0762923541586265
FBXW7	0.6	7.4	0.0767985506886874	0.0767985506886874
MAPK12	0.6	5.3	0.0786263827374047	0.0786263827374047
AKT1	0.6	10.1	0.081262767900824	0.081262767900824
SGK2	0.6	3.2	0.0828563560992247	0.0828563560992247
ARID2	0.6	8.7	0.0844748178483152	0.0844748178483152
CDC14A	0.6	7	0.08498413407874	0.08498413407874
BAP1	0.6	8.8	0.0856398452887305	0.0856398452887305
RELA	0.6	8.3	0.0856457017529448	0.0856457017529448
IL1R2	0.6	5.2	0.0860453606217822	0.0860453606217822
PPP3CB	0.6	7.9	0.0950443423044718	0.0950443423044718
TLR2	0.6	7.8	0.0957854903775771	0.0957854903775771
PPP3R1	0.6	9.9	0.0965824720379574	0.0965824720379574
IKBKG	0.6	8.2	0.098376424398494	0.098376424398494
FGF18	0.6	2.9	0.101811195174402	0.101811195174402
FANCB	0.6	6.7	0.104681148310103	0.104681148310103
PAX5	0.6	9.5	0.108344527521603	0.108344527521603
LAMB4	0.6	2.5	0.113522520240844	0.113522520240844
TSC1	0.6	7.5	0.11556470528425	0.11556470528425
IRAK3	0.6	6.5	0.119196974596562	0.119196974596562
CSF1R	0.6	5.5	0.119541310113989	0.119541310113989
LAMC2	0.6	4.6	0.12388099650441	0.12388099650441
IL7	0.6	6	0.125263695661579	0.125263695661579
NOTCH3	0.6	7.5	0.128709316157542	0.128709316157542
STK11	0.6	8.2	0.138683058519994	0.138683058519994
BCL2	0.6	9.1	0.14582196886409	0.14582196886409
PRDM1	0.6	8.1	0.148517377154638	0.148517377154638
NR4A1	0.6	6.3	0.153563624710536	0.153563624710536
HIST1H3G	0.6	11.1	0.181931187401596	0.181931187401596
IL10	0.6	6.7	0.18789416110159	0.18789416110159
RUNX1T1	0.6	5.4	0.191187429733547	0.191187429733547
MAPK8IP2	0.6	3.6	0.192124203660104	0.192124203660104
THBS1	0.6	8.3	0.246157965661252	0.246157965661252
PLA2G2A	0.6	5.7	0.322624673779466	0.322624673779466
IL1RAP	0.5	5.6	0.0530226872960657	0.0530226872960657
CACNG6	0.5	4.6	0.0730635153925505	0.0730635153925505
TNFRSF10C	0.5	5.2	0.0732660735049003	0.0732660735049003
TRAF7	0.5	9.4	0.0862968401145356	0.0862968401145356
FANCC	0.5	7.5	0.0890749615443191	0.0890749615443191
ABL1	0.5	8	0.0898934158592193	0.0898934158592193
SIX1	0.5	4	0.0929786726038716	0.0929786726038716
CHEK2	0.5	6.9	0.095680645342935	0.095680645342935
VHL	0.5	9.8	0.0985594093791347	0.0985594093791347
SPRY4	0.5	5.4	0.0989929178439596	0.0989929178439596
RHOA	0.5	10.4	0.0995833315645096	0.0995833315645096
GNAS	0.5	11	0.107750167627166	0.107750167627166
EP300	0.5	9.7	0.110343331999073	0.110343331999073
RNF43	0.5	4.1	0.111798555018644	0.111798555018644
MCM7	0.5	11.1	0.112411439248097	0.112411439248097
JAG2	0.5	6	0.112572683353458	0.112572683353458
ENDOG	0.5	7.5	0.113559961485142	0.113559961485142
BRCA1	0.5	8.3	0.121033793058352	0.121033793058352
DTX4	0.5	5.8	0.121281117487798	0.121281117487798
LFNG	0.5	6.1	0.124151224145417	0.124151224145417
LIF	0.5	4.7	0.126643443633353	0.126643443633353
CRLF2	0.5	3.2	0.129692720993847	0.129692720993847
UTY	0.5	3	0.130266687866384	0.130266687866384
THEM4	0.5	7.8	0.131428804164646	0.131428804164646
CEBPE	0.5	3.7	0.134793431591411	0.134793431591411
CACNB3	0.5	4.5	0.135185761071092	0.135185761071092
FZD8	0.5	4.3	0.143354094340884	0.143354094340884
CDC25B	0.5	8.2	0.146312503358807	0.146312503358807
TNFAIP3	0.5	9.8	0.147589222038493	0.147589222038493
PCK1	0.5	2.6	0.14785412825014	0.14785412825014
ARID1A	0.5	8.5	0.148058724710885	0.148058724710885
FUBP1	0.5	9.1	0.150974926405111	0.150974926405111
SOST	0.5	3.4	0.151246221996304	0.151246221996304
E2F1	0.5	7.7	0.152977259595873	0.152977259595873
HRAS	0.5	6.4	0.154484963384638	0.154484963384638
NTF3	0.5	3.5	0.159265815457195	0.159265815457195
RPS6KA5	0.5	7	0.162112733008857	0.162112733008857
MDC1	0.5	8.1	0.163218463357087	0.163218463357087
IL15	0.5	5.2	0.166809731802053	0.166809731802053
BCL2L1	0.5	9	0.182436201917238	0.182436201917238
PLAU	0.5	8.2	0.187425201851832	0.187425201851832
BIRC7	0.5	4.4	0.187982130159894	0.187982130159894
PIK3R5	0.5	7.1	0.192561018288128	0.192561018288128
IL11RA	0.5	5.8	0.205641772856629	0.205641772856629
CCNB3	0.5	3.3	0.207495967261325	0.207495967261325
WNT16	0.5	3.3	0.225446759670787	0.225446759670787
ITGB8	0.5	5.6	0.244454733565165	0.244454733565165
HHIP	0.5	3.2	0.248788924127968	0.248788924127968
INHBA	0.5	4.8	0.262671751708534	0.262671751708534
PDGFRA	0.5	6.4	0.265782419598768	0.265782419598768
PRKAR2B	0.5	7.8	0.268714178858124	0.268714178858124
GRIN2B	0.5	2.7	0.276573453504695	0.276573453504695
FGFR3	0.5	5.3	0.29622155771198	0.29622155771198
SFRP1	0.5	5.6	0.302921500120936	0.302921500120936
CSF3	0.4	3.2	0.143204114028742	0.143204114028742
SOS1	0.4	9.1	0.160002087928139	0.160002087928139
CACNG4	0.4	3.5	0.16954445716619	0.16954445716619
BAX	0.4	10.2	0.171658208738831	0.171658208738831
IL3	0.4	4.3	0.172220622691361	0.172220622691361
CDKN2C	0.4	8	0.186066779477478	0.186066779477478
CCNB1	0.4	9.5	0.186067019789809	0.186067019789809
SOX17	0.4	5	0.190283478114238	0.190283478114238
RIN1	0.4	4.9	0.196615319910307	0.196615319910307
APH1B	0.4	6.9	0.196714638875467	0.196714638875467
BRCA2	0.4	7.7	0.200498886682385	0.200498886682385
WNT7B	0.4	3.6	0.201866327252761	0.201866327252761
CDKN1A	0.4	8.1	0.206758691634174	0.206758691634174
NR4A3	0.4	5.2	0.211012487358478	0.211012487358478
MEN1	0.4	8.6	0.215478181971748	0.215478181971748
HDAC5	0.4	7.6	0.21872326067116	0.21872326067116
TBL1XR1	0.4	11.5	0.219214559971361	0.219214559971361
PCNA	0.4	8.9	0.219912911269794	0.219912911269794
FZD7	0.4	5.4	0.222361507694365	0.222361507694365
FLNA	0.4	10.7	0.223688418731938	0.223688418731938
CDC25A	0.4	7.4	0.223694050037465	0.223694050037465
SETD2	0.4	8.6	0.229750036475305	0.229750036475305
ETS2	0.4	8.4	0.231784413829309	0.231784413829309
CACNA2D1	0.4	6	0.232422861073735	0.232422861073735
BRAF	0.4	8.9	0.25000009623652	0.25000009623652
RASGRP2	0.4	7.9	0.258637462905632	0.258637462905632
FOXO4	0.4	6.7	0.260765906517014	0.260765906517014
ETV4	0.4	4.6	0.261536446854809	0.261536446854809
CASP9	0.4	6.6	0.268272472291952	0.268272472291952
AKT3	0.4	8.4	0.268803011110203	0.268803011110203
LEP	0.4	4.1	0.275722621176434	0.275722621176434
SPRY1	0.4	5.8	0.277006632842871	0.277006632842871
HDAC6	0.4	7.9	0.280794840669954	0.280794840669954
TLX1	0.4	3.5	0.282888501484458	0.282888501484458
DNMT3A	0.4	7.5	0.28532528224453	0.28532528224453
PLCB4	0.4	4.9	0.296219668993386	0.296219668993386
RELN	0.4	3.7	0.301851986906287	0.301851986906287
BMP4	0.4	4.3	0.315235555645831	0.315235555645831
PLA2G10	0.4	3.1	0.315895827433478	0.315895827433478
PRKACA	0.4	9.2	0.334137520781171	0.334137520781171
IL6R	0.4	7.1	0.345585254388034	0.345585254388034
ITGA9	0.4	5.7	0.346643086996275	0.346643086996275
COL4A4	0.4	5	0.348213422678133	0.348213422678133
PLAT	0.4	6.5	0.349157775973523	0.349157775973523
FLNC	0.4	5.7	0.356086772712904	0.356086772712904
PBX1	0.4	6	0.357721968218317	0.357721968218317
PTCH1	0.4	6.6	0.359800365049634	0.359800365049634
FST	0.4	4.8	0.364485499367316	0.364485499367316
ZBTB32	0.4	5.6	0.368934817315967	0.368934817315967
AMH	0.4	4.2	0.383404076583102	0.383404076583102
PTCRA	0.3	3.8	0.166170411613282	0.166170411613282
BMP2	0.3	4.5	0.196280496917247	0.196280496917247
MYD88	0.3	9.5	0.211993813197955	0.211993813197955
NFKBIA	0.3	11.1	0.230118148322733	0.230118148322733
TET2	0.3	8.8	0.231726818781951	0.231726818781951
PBX3	0.3	7.2	0.243656348265593	0.243656348265593
FGF19	0.3	3	0.257255911167625	0.257255911167625
TCF7L1	0.3	5.3	0.261626890946676	0.261626890946676
EYA1	0.3	3.7	0.262151615694255	0.262151615694255
HELLS	0.3	9.2	0.27953892063163	0.27953892063163
FGF11	0.3	5.8	0.28504109345445	0.28504109345445
FGF8	0.3	3.8	0.287557086280825	0.287557086280825
LAMA3	0.3	5	0.298957009202467	0.298957009202467
NRAS	0.3	8.3	0.300517340292487	0.300517340292487
MAD2L2	0.3	8.8	0.301366047271436	0.301366047271436
IL20RB	0.3	4.9	0.303810372684422	0.303810372684422
DLL3	0.3	5	0.309455181902028	0.309455181902028
ITGA7	0.3	5.2	0.314237163869025	0.314237163869025
GNG4	0.3	4.2	0.317248177810915	0.317248177810915
BRIP1	0.3	7.7	0.325882097353077	0.325882097353077
TSLP	0.3	4.2	0.330430266874648	0.330430266874648
POLR2H	0.3	8.5	0.334232899942073	0.334232899942073
FGF9	0.3	3.6	0.336748416317282	0.336748416317282
TGFBR2	0.3	9.5	0.338050817477318	0.338050817477318
ZAK	0.3	6.5	0.345435162471362	0.345435162471362
TSPAN7	0.3	5.6	0.354032762429303	0.354032762429303
PRKAA2	0.3	4.6	0.356701824734749	0.356701824734749
PRKX	0.3	6.1	0.361346846429764	0.361346846429764
GNA11	0.3	6.6	0.364344503371535	0.364344503371535
GADD45B	0.3	8.3	0.368002428874555	0.368002428874555
VEGFC	0.3	6.3	0.379897274663043	0.379897274663043
NF1	0.3	8.4	0.383947236027078	0.383947236027078
KITLG	0.3	5.8	0.385352212310292	0.385352212310292
DNMT1	0.3	9.3	0.392840169198248	0.392840169198248
DLL1	0.3	5.7	0.393052893217371	0.393052893217371
PLA2G4E	0.3	4	0.396726195693285	0.396726195693285
JAK1	0.3	10.3	0.403690458604598	0.403690458604598
JAG1	0.3	6.4	0.415777960841607	0.415777960841607
AKT2	0.3	9.4	0.417347828624611	0.417347828624611
AMER1	0.3	6.3	0.436701449931233	0.436701449931233
MAP2K2	0.3	9.5	0.441180806446139	0.441180806446139
RB1	0.3	9.6	0.450354892587782	0.450354892587782
ETV7	0.3	5.7	0.458975466247257	0.458975466247257
BIRC3	0.3	8	0.464963995220578	0.464963995220578
IL24	0.3	3.8	0.471703023152953	0.471703023152953
TMPRSS2	0.3	4.2	0.472360862039152	0.472360862039152
FAS	0.3	8.1	0.484094265481523	0.484094265481523
IL7R	0.3	8.4	0.494551913033395	0.494551913033395
COL4A5	0.3	4.8	0.498631962555057	0.498631962555057
NGF	0.3	3.8	0.512165330500402	0.512165330500402
NTRK2	0.3	5.8	0.514810674628969	0.514810674628969
NUPR1	0.3	6.7	0.522653983278855	0.522653983278855
PIK3CG	0.3	8.6	0.530824597414276	0.530824597414276
NGFR	0.3	5.9	0.536213856526787	0.536213856526787
ZBTB16	0.3	4.8	0.550291625045146	0.550291625045146
CACNA1H	0.3	5.1	0.552066465361926	0.552066465361926
IL2RB	0.3	8.2	0.575399321983435	0.575399321983435
SMC1B	0.3	3.5	0.586439541449998	0.586439541449998
COL1A2	0.3	8.2	0.602914600324571	0.602914600324571
CACNG1	0.2	4.3	0.309385374420825	0.309385374420825
WNT6	0.2	6.1	0.36283863912713	0.36283863912713
MLH1	0.2	8.8	0.384658146891782	0.384658146891782
ATRX	0.2	9.6	0.402225981246438	0.402225981246438
MECOM	0.2	5.6	0.414166179972229	0.414166179972229
DUSP8	0.2	5.4	0.416840927374969	0.416840927374969
CXXC4	0.2	4.2	0.423455543687824	0.423455543687824
FGF3	0.2	3	0.426745326955985	0.426745326955985
CDC25C	0.2	5.7	0.443163309703085	0.443163309703085
TNFRSF10A	0.2	6.4	0.444539737364355	0.444539737364355
SPRY2	0.2	6	0.448344301886923	0.448344301886923
SKP2	0.2	8.4	0.449016669114525	0.449016669114525
SIN3A	0.2	8.3	0.451177145306581	0.451177145306581
SYK	0.2	10.9	0.463174310117296	0.463174310117296
COL4A6	0.2	4	0.467684312954583	0.467684312954583
KAT2B	0.2	8	0.469949498042915	0.469949498042915
PGF	0.2	5.4	0.475768142297589	0.475768142297589
NF2	0.2	8.7	0.481406618740972	0.481406618740972
IL20RA	0.2	3.9	0.481503321768986	0.481503321768986
GSK3B	0.2	9	0.484334965059438	0.484334965059438
FZD2	0.2	4.2	0.487233355213377	0.487233355213377
U2AF1	0.2	11.2	0.48789948353065	0.48789948353065
NASP	0.2	6.7	0.490417393309084	0.490417393309084
ARID1B	0.2	9.3	0.499413535148915	0.499413535148915
ALK	0.2	3.6	0.501841385038556	0.501841385038556
PLCG2	0.2	10.5	0.504950001680327	0.504950001680327
PTPN11	0.2	9.8	0.508406971577295	0.508406971577295
FGF12	0.2	4	0.510882597498407	0.510882597498407
PLCE1	0.2	4.3	0.514114269087167	0.514114269087167
EGFR	0.2	6.4	0.517147341520702	0.517147341520702
IL5RA	0.2	3.8	0.522131803808372	0.522131803808372
MAP3K1	0.2	9.3	0.524406564227396	0.524406564227396
PPP2R2C	0.2	4.2	0.525878659210357	0.525878659210357
KDM5C	0.2	8.7	0.529806028206802	0.529806028206802
UBB	0.2	12.9	0.531530968346397	0.531530968346397
MAPT	0.2	4.1	0.538955693272737	0.538955693272737
CREB3L4	0.2	5.5	0.539035036353897	0.539035036353897
NFKB1	0.2	8.6	0.53946030500849	0.53946030500849
FZD9	0.2	3.7	0.539594460476449	0.539594460476449
WHSC1L1	0.2	9.2	0.543655329989304	0.543655329989304
PIK3CB	0.2	7.2	0.549198237139248	0.549198237139248
RPA3	0.2	3.8	0.557527536056921	0.557527536056921
POLR2J	0.2	6.5	0.561827749733644	0.561827749733644
MAP2K4	0.2	7.7	0.562222034980747	0.562222034980747
RAD50	0.2	7.6	0.563393051222852	0.563393051222852
APC	0.2	6.9	0.568448150207404	0.568448150207404
CDC6	0.2	8.4	0.568770590917807	0.568770590917807
CACNA2D2	0.2	4.1	0.574906039098581	0.574906039098581
CHEK1	0.2	8.6	0.575365609948987	0.575365609948987
IL1R1	0.2	6.7	0.578122796764521	0.578122796764521
RAD51	0.2	6.5	0.587352973851072	0.587352973851072
BCOR	0.2	8.3	0.587774550106044	0.587774550106044
CYLD	0.2	9.4	0.589395568427168	0.589395568427168
SETBP1	0.2	8.5	0.591132137983199	0.591132137983199
CDK4	0.2	9.1	0.597221358448325	0.597221358448325
POLD4	0.2	9.9	0.599187786868672	0.599187786868672
SHC1	0.2	9.2	0.600663352970324	0.600663352970324
IL13RA2	0.2	3.7	0.602262064552941	0.602262064552941
SMAD3	0.2	7.6	0.603285546864953	0.603285546864953
CHUK	0.2	8.6	0.60600004393164	0.60600004393164
RAC1	0.2	9.6	0.608899874709552	0.608899874709552
ITGB7	0.2	7.1	0.616307676709904	0.616307676709904
NOTCH2	0.2	9	0.616455474404158	0.616455474404158
ALKBH3	0.2	7.1	0.61969660561007	0.61969660561007
TLR4	0.2	8.2	0.622724308777785	0.622724308777785
NPM2	0.2	2.5	0.624095729542592	0.624095729542592
IGFBP3	0.2	8.7	0.625804157612421	0.625804157612421
ZIC2	0.2	4.7	0.628160257041355	0.628160257041355
GAS1	0.2	5.7	0.631879052384551	0.631879052384551
CDC7	0.2	8	0.643039396835065	0.643039396835065
INHBB	0.2	5	0.643951137487057	0.643951137487057
NFATC1	0.2	8.1	0.649870766987667	0.649870766987667
VEGFA	0.2	8.5	0.651081795726222	0.651081795726222
SMAD9	0.2	4.9	0.658120100439694	0.658120100439694
MAPK10	0.2	4.9	0.677431293720007	0.677431293720007
CREB3L1	0.2	5.4	0.691845461208914	0.691845461208914
CACNA1D	0.2	5	0.695359476562604	0.695359476562604
CACNA2D3	0.2	5.1	0.745042939446835	0.745042939446835
THBS4	0.2	5.4	0.761689029359761	0.761689029359761
CASP12	0.1	4	0.537917911580684	0.537917911580684
HDAC11	0.1	6.2	0.59378483394798	0.59378483394798
EFNA5	0.1	4.9	0.627620652024989	0.627620652024989
HOXA9	0.1	5.2	0.628731427973085	0.628731427973085
BMP5	0.1	5	0.630487803985303	0.630487803985303
CALML3	0.1	3.5	0.647364279390888	0.647364279390888
NCOR1	0.1	9.9	0.650380749398794	0.650380749398794
MPO	0.1	4.9	0.662099930761498	0.662099930761498
IDH2	0.1	10.1	0.662933418132134	0.662933418132134
RBX1	0.1	10.9	0.663621260413434	0.663621260413434
LEFTY2	0.1	3.8	0.666321471872426	0.666321471872426
PRLR	0.1	4.4	0.666610231543965	0.666610231543965
FZD3	0.1	6.3	0.668725302768719	0.668725302768719
PAX3	0.1	3.4	0.671184109849259	0.671184109849259
CCNO	0.1	3.2	0.680527137911753	0.680527137911753
PLD1	0.1	6.5	0.686397213173858	0.686397213173858
ITGB3	0.1	4.7	0.698841855955877	0.698841855955877
UBE2T	0.1	8.4	0.700368657202007	0.700368657202007
RFC4	0.1	9.1	0.70155139445971	0.70155139445971
MAP3K5	0.1	6.9	0.703138902255221	0.703138902255221
KIT	0.1	4.9	0.703163925688035	0.703163925688035
FGF2	0.1	6	0.703853273027776	0.703853273027776
PIK3R1	0.1	8.6	0.719196801919016	0.719196801919016
PPP2R1A	0.1	10.6	0.71990839261708	0.71990839261708
BAIAP3	0.1	5	0.720187549760308	0.720187549760308
RET	0.1	4.2	0.737114347960423	0.737114347960423
EFNA1	0.1	5	0.74261102718196	0.74261102718196
WNT5B	0.1	4.8	0.745997625124889	0.745997625124889
ERCC2	0.1	6.6	0.75183494458253	0.75183494458253
GRIN1	0.1	3.6	0.753942312928624	0.753942312928624
ARNT2	0.1	5.9	0.755694519487668	0.755694519487668
ACVR1B	0.1	5.7	0.757116247063488	0.757116247063488
IL1A	0.1	4.5	0.757879820779152	0.757879820779152
COL6A6	0.1	4.1	0.761857249387931	0.761857249387931
CACNA1C	0.1	4.9	0.761993747911601	0.761993747911601
SHC2	0.1	4.4	0.765333199617144	0.765333199617144
IL12RB2	0.1	4.1	0.76915259811128	0.76915259811128
BDNF	0.1	4	0.7694621576374	0.7694621576374
PPARG	0.1	5.1	0.776198038142337	0.776198038142337
CLCF1	0.1	4.6	0.778090814107679	0.778090814107679
PRMT8	0.1	3.3	0.782991783431305	0.782991783431305
SMARCB1	0.1	9.7	0.785841292076245	0.785841292076245
BMP6	0.1	5.2	0.787417547873158	0.787417547873158
COMP	0.1	5.5	0.800323139718087	0.800323139718087
PRKAR2A	0.1	8.7	0.801787436132269	0.801787436132269
LRP2	0.1	3.6	0.804941640002184	0.804941640002184
HDAC4	0.1	6.5	0.805748612932843	0.805748612932843
COL5A1	0.1	8.5	0.818341440094691	0.818341440094691
PAK3	0.1	4.1	0.820084536035324	0.820084536035324
MLLT3	0.1	5.8	0.823022220335617	0.823022220335617
FASLG	0.1	6	0.826283311232569	0.826283311232569
EGF	0.1	3.6	0.826503043339415	0.826503043339415
KLF4	0.1	6.6	0.829527171638247	0.829527171638247
ACVR1C	0.1	4	0.831268131756669	0.831268131756669
CD40	0.1	9.7	0.833167882297805	0.833167882297805
PPP3CC	0.1	7.6	0.835905768343068	0.835905768343068
GLI1	0.1	4.8	0.842454936546437	0.842454936546437
FOSL1	0.1	4.7	0.847191062609547	0.847191062609547
STAG2	0.1	8.9	0.847881981103138	0.847881981103138
BID	0.1	7.9	0.853475761380383	0.853475761380383
COL4A3	0.1	4.4	0.857224480722359	0.857224480722359
HSPA2	0.1	5.6	0.877561788874178	0.877561788874178
MET	0.1	6.4	0.881539718041578	0.881539718041578
RASAL1	0.1	6.3	0.922496816254243	0.922496816254243
IL22RA1	0	4.6	0.85336657452277	0.85336657452277
TNC	0	4.8	0.858099273844137	0.858099273844137
HES5	0	4.6	0.862894469186183	0.862894469186183
DKK1	0	3.7	0.867827168518371	0.867827168518371
RASGRF2	0	4.3	0.878251703220251	0.878251703220251
IL12B	0	3.8	0.882680619015599	0.882680619015599
NKD1	0	5.1	0.884563366540593	0.884563366540593
HIST1H3H	0	13.3	0.886361950075361	0.886361950075361
TNFSF10	0	9.5	0.888077731855411	0.888077731855411
GATA3	0	3.4	0.889973592219889	0.889973592219889
FGF10	0	4.5	0.892966837831482	0.892966837831482
GHR	0	4.2	0.894039558721957	0.894039558721957
EPO	0	3.9	0.898863529550442	0.898863529550442
PRKCA	0	5.9	0.899063720765645	0.899063720765645
IL19	0	3.7	0.900539173605428	0.900539173605428
MAP3K8	0	8.1	0.903829045192697	0.903829045192697
IGF1	0	6	0.903985379303418	0.903985379303418
GRB2	0	11.6	0.906281921764032	0.906281921764032
PPP2CB	0	9.1	0.90660773475394	0.90660773475394
TGFB2	0	4.6	0.910278417171529	0.910278417171529
TTK	0	8	0.910392851316127	0.910392851316127
CREB3L3	0	3	0.912155413396474	0.912155413396474
GTF2H3	0	8.8	0.916420751329828	0.916420751329828
POLB	0	7.5	0.920082921242485	0.920082921242485
WT1	0	4	0.922407491229185	0.922407491229185
ITGA6	0	6.8	0.927153454741224	0.927153454741224
BAMBI	0	5.4	0.928860868285245	0.928860868285245
MCM4	0	9.9	0.931108337649959	0.931108337649959
FIGF	0	4.1	0.931676709913643	0.931676709913643
STAT4	0	6.6	0.934721470420088	0.934721470420088
DUSP4	0	6.8	0.936370101121044	0.936370101121044
SMC1A	0	9.1	0.93708027831748	0.93708027831748
LAMC3	0	4.6	0.938908625386176	0.938908625386176
MED12	0	7.9	0.949099221706285	0.949099221706285
PTPN5	0	3.7	0.952482954603691	0.952482954603691
GRIN2A	0	4.5	0.953805098596788	0.953805098596788
DDB2	0	7.8	0.955519804038486	0.955519804038486
NBN	0	9.6	0.960132141900345	0.960132141900345
NPM1	0	6.1	0.963529498167622	0.963529498167622
STMN1	0	10.7	0.966519342467861	0.966519342467861
MYCN	0	3.9	0.966735347808168	0.966735347808168
RASGRP1	0	8.5	0.967237372255441	0.967237372255441
POLR2D	0	9	0.968445900414352	0.968445900414352
PLA2G4A	0	5.2	0.969382950158222	0.969382950158222
TSHR	0	3.5	0.970039392771929	0.970039392771929
PLA1A	0	6.1	0.970495685545583	0.970495685545583
CALML5	0	4.4	0.970844535338379	0.970844535338379
SHC3	0	3.5	0.971325907226214	0.971325907226214
PITX2	0	3.2	0.971680565321694	0.971680565321694
COL2A1	0	5.6	0.975204324089097	0.975204324089097
MYB	0	6.9	0.977331799305821	0.977331799305821
CACNB2	0	4.6	0.978156951683029	0.978156951683029
SPOP	0	5.7	0.980013092774153	0.980013092774153
CCND3	0	8.1	0.981477567802997	0.981477567802997
WNT2B	0	4.6	0.983306375375615	0.983306375375615
PTTG2	0	9	0.987643967450728	0.987643967450728
MAPK8IP1	0	5	0.989247034170029	0.989247034170029
JUN	0	7.4	0.989535339845791	0.989535339845791
NOG	0	3.8	0.991662212101396	0.991662212101396
HMGA2	0	4.4	0.992198422539836	0.992198422539836
HHEX	0	8.8	0.992267478792813	0.992267478792813
COL11A1	0	5	0.996032470784576	0.996032470784576
PBRM1	0	9.1	0.999501926697401	0.999501926697401
CASP10	-0.1	4.5	0.585372137124063	0.585372137124063
PRL	-0.1	4.1	0.586089994737024	0.586089994737024
DAXX	-0.1	9.3	0.594260329062081	0.594260329062081
PPP2R2B	-0.1	4.4	0.596001781330726	0.596001781330726
FGF20	-0.1	4.6	0.603516562938062	0.603516562938062
CACNA2D4	-0.1	3.7	0.604432796100555	0.604432796100555
DDIT3	-0.1	7.9	0.607584832846811	0.607584832846811
EPOR	-0.1	5.3	0.609400661298505	0.609400661298505
MAPK8	-0.1	7.8	0.615623962825086	0.615623962825086
CASP3	-0.1	9.2	0.624542814991385	0.624542814991385
SSX1	-0.1	3.7	0.630837742936864	0.630837742936864
FGF16	-0.1	4.3	0.632349550460718	0.632349550460718
BMPR1B	-0.1	5.1	0.635442851168662	0.635442851168662
PAX8	-0.1	4.6	0.64018820800501	0.64018820800501
FGF22	-0.1	4.4	0.643166862043157	0.643166862043157
SKP1	-0.1	11.6	0.646400805456266	0.646400805456266
SMC3	-0.1	9.8	0.649108806594524	0.649108806594524
FGF7	-0.1	6.2	0.65746686270304	0.65746686270304
PRKAR1B	-0.1	6.7	0.664624536349062	0.664624536349062
ID4	-0.1	5.6	0.674754572843057	0.674754572843057
ITGB6	-0.1	4.5	0.683060880600868	0.683060880600868
GNGT1	-0.1	3.1	0.683643582211777	0.683643582211777
LAMA1	-0.1	4.3	0.686685146097145	0.686685146097145
EFNA2	-0.1	4.2	0.692800443642877	0.692800443642877
LEFTY1	-0.1	4.8	0.706811207627155	0.706811207627155
FOXL2	-0.1	4.4	0.723534275726289	0.723534275726289
CEBPA	-0.1	7.9	0.729725824172951	0.729725824172951
MPL	-0.1	3	0.729783919847802	0.729783919847802
MAP3K13	-0.1	5	0.731108577662877	0.731108577662877
CNTFR	-0.1	4.6	0.732648932855702	0.732648932855702
FGF1	-0.1	4	0.734055076865572	0.734055076865572
CDKN2A	-0.1	4.1	0.739259325021114	0.739259325021114
POLE2	-0.1	6.9	0.743034611149765	0.743034611149765
MAPK3	-0.1	8.8	0.744571758157379	0.744571758157379
FGFR1	-0.1	7.3	0.750017989419795	0.750017989419795
GDF6	-0.1	3.5	0.750190738758776	0.750190738758776
MNAT1	-0.1	7.8	0.755779122678211	0.755779122678211
GPC4	-0.1	5.3	0.758434480447851	0.758434480447851
PHF6	-0.1	9.3	0.758503278045186	0.758503278045186
TNN	-0.1	3.7	0.76898744056921	0.76898744056921
NTHL1	-0.1	7.1	0.770753723796216	0.770753723796216
KDM6A	-0.1	7.8	0.771286705038656	0.771286705038656
ASXL1	-0.1	8.9	0.772178809688108	0.772178809688108
IRAK2	-0.1	6.2	0.772402555180029	0.772402555180029
ACVR2A	-0.1	6.6	0.777404389029584	0.777404389029584
STAT1	-0.1	11.2	0.780311965179228	0.780311965179228
RAD21	-0.1	11.2	0.781250863438941	0.781250863438941
ITGA8	-0.1	4.6	0.790869420700492	0.790869420700492
PTEN	-0.1	10.7	0.792093145629605	0.792093145629605
PLA2G4C	-0.1	6	0.79390857487298	0.79390857487298
COL3A1	-0.1	11.6	0.798798554938545	0.798798554938545
SHC4	-0.1	4.5	0.805248331505931	0.805248331505931
WNT4	-0.1	3.9	0.819685815954393	0.819685815954393
RXRG	-0.1	4.1	0.823536254767155	0.823536254767155
MDM2	-0.1	10.6	0.825569704914546	0.825569704914546
LEPR	-0.1	6.1	0.833033143404398	0.833033143404398
IL22RA2	-0.1	4.8	0.837608927544474	0.837608927544474
GADD45A	-0.1	7.8	0.839670804654111	0.839670804654111
HDAC2	-0.1	9.8	0.842638931570062	0.842638931570062
IL23A	-0.1	5	0.853118330798307	0.853118330798307
IDH1	-0.1	7.4	0.85336265520024	0.85336265520024
SMARCA4	-0.1	8.9	0.862153159220672	0.862153159220672
MGMT	-0.1	7.8	0.864957446250148	0.864957446250148
E2F5	-0.1	9.6	0.872681865329847	0.872681865329847
LIFR	-0.1	6.3	0.872780696973448	0.872780696973448
GNG12	-0.1	7.6	0.880225469333313	0.880225469333313
AR	-0.1	4.8	0.885629788626385	0.885629788626385
PAK7	-0.2	3.2	0.351763611792417	0.351763611792417
FGFR2	-0.2	4.8	0.383847407898722	0.383847407898722
DKK2	-0.2	4.5	0.385313568932604	0.385313568932604
RPS27A	-0.2	15.5	0.39121538214196	0.39121538214196
XRCC4	-0.2	7.4	0.397575119466263	0.397575119466263
LIG4	-0.2	7.7	0.403894996819084	0.403894996819084
ERCC6	-0.2	6.8	0.417347268408906	0.417347268408906
CUL1	-0.2	9.7	0.417986567342178	0.417986567342178
C19orf40	-0.2	6.4	0.426726013270382	0.426726013270382
GRIA3	-0.2	5.1	0.447511995477251	0.447511995477251
PIK3CA	-0.2	8.2	0.449349568696349	0.449349568696349
NFE2L2	-0.2	8.6	0.459798575549587	0.459798575549587
ID2	-0.2	8.5	0.465291714511071	0.465291714511071
IFNA2	-0.2	3.8	0.468767544249575	0.468767544249575
HPGD	-0.2	3.9	0.470035210852978	0.470035210852978
FGF4	-0.2	4.3	0.473201183193577	0.473201183193577
PDGFRB	-0.2	8.4	0.487481647867319	0.487481647867319
MAP2K1	-0.2	8.9	0.492021645801816	0.492021645801816
CASP7	-0.2	7.1	0.495423847395414	0.495423847395414
BMP8A	-0.2	5.2	0.50465626352645	0.50465626352645
GNG7	-0.2	4.4	0.517407470052821	0.517407470052821
SMO	-0.2	5.4	0.536067730805313	0.536067730805313
CDKN2B	-0.2	5	0.543206118443399	0.543206118443399
IL13	-0.2	3.7	0.547219156568828	0.547219156568828
RRAS2	-0.2	8.9	0.547645878600889	0.547645878600889
TPO	-0.2	3.3	0.552686090691167	0.552686090691167
SIRT4	-0.2	4.6	0.561290973214586	0.561290973214586
HES1	-0.2	6	0.561561877752868	0.561561877752868
PLA2G4F	-0.2	3.8	0.568004004743595	0.568004004743595
CCNA1	-0.2	4.4	0.571522959532819	0.571522959532819
ANGPT1	-0.2	4.9	0.587573906489523	0.587573906489523
HGF	-0.2	6.1	0.595203689202604	0.595203689202604
COL5A2	-0.2	7.8	0.62592561655678	0.62592561655678
RASGRF1	-0.2	6.7	0.642290849695537	0.642290849695537
MLF1	-0.2	5.5	0.650688771768844	0.650688771768844
BMP7	-0.2	4.6	0.744142264140099	0.744142264140099
CACNA1E	-0.3	4.6	0.13098043457653	0.13098043457653
NODAL	-0.3	4.4	0.147260721936374	0.147260721936374
FGF23	-0.3	4.3	0.22947060421877	0.22947060421877
MSH2	-0.3	9	0.257984510652989	0.257984510652989
PIK3R3	-0.3	7.6	0.274698260423145	0.274698260423145
DUSP6	-0.3	8.1	0.280342933032993	0.280342933032993
PPP3CA	-0.3	7.9	0.28432215002823	0.28432215002823
HDAC1	-0.3	10.5	0.293933321022007	0.293933321022007
FGF13	-0.3	4.9	0.294328695652823	0.294328695652823
PLA2G3	-0.3	4.7	0.296889520938146	0.296889520938146
PLA2G5	-0.3	3.3	0.307698017960166	0.307698017960166
GLI3	-0.3	5.6	0.31129736455916	0.31129736455916
RFC3	-0.3	9.3	0.315805776007238	0.315805776007238
H3F3A	-0.3	12.4	0.324131456902631	0.324131456902631
PPARGC1A	-0.3	5	0.335535337577928	0.335535337577928
IL23R	-0.3	4.6	0.344424565010883	0.344424565010883
IBSP	-0.3	3.5	0.358601706770931	0.358601706770931
PPP3R2	-0.3	3.3	0.371555937676505	0.371555937676505
CCNE2	-0.3	7.1	0.390493084990282	0.390493084990282
CCNA2	-0.3	9.4	0.391190840139904	0.391190840139904
TIAM1	-0.3	7.1	0.407252165572409	0.407252165572409
CDKN1C	-0.3	5.9	0.411681372310724	0.411681372310724
CAPN2	-0.3	9	0.417667043791409	0.417667043791409
FOS	-0.3	9.2	0.463020481611293	0.463020481611293
MMP7	-0.3	5.7	0.465308236902806	0.465308236902806
FANCL	-0.3	8.2	0.473085804695039	0.473085804695039
SOX9	-0.3	5.1	0.579941651616702	0.579941651616702
FGF21	-0.4	4.7	0.085722407476362	0.085722407476362
H3F3C	-0.4	11.8	0.114383673618602	0.114383673618602
FGF14	-0.4	3.9	0.130653787486126	0.130653787486126
HOXA11	-0.4	3.9	0.13108391365557	0.13108391365557
TNR	-0.4	4.3	0.141496019406643	0.141496019406643
MAPK9	-0.4	8.2	0.142839097929401	0.142839097929401
MSH6	-0.4	8.9	0.145710125951275	0.145710125951275
BAD	-0.4	7.6	0.154364448343898	0.154364448343898
IRS1	-0.4	5.6	0.162256068807985	0.162256068807985
B2M	-0.4	15.5	0.16411708205535	0.16411708205535
CREB5	-0.4	6.1	0.181681995374487	0.181681995374487
MAPK1	-0.4	9.5	0.192388956495509	0.192388956495509
CDC14B	-0.4	5.5	0.195071527702955	0.195071527702955
DUSP10	-0.4	7	0.195210567460598	0.195210567460598
WIF1	-0.4	4.4	0.199803406605168	0.199803406605168
ETV1	-0.4	5.7	0.244129856194308	0.244129856194308
PRKACB	-0.4	7.9	0.253257659524527	0.253257659524527
CACNB4	-0.4	4.8	0.26187888425226	0.26187888425226
CD19	-0.4	10.5	0.267098931562094	0.267098931562094
RPS6KA6	-0.4	4.1	0.275586795339896	0.275586795339896
BCL2A1	-0.4	9.7	0.311297784285237	0.311297784285237
IFNG	-0.4	6.2	0.312737742057752	0.312737742057752
EFNA3	-0.5	5.6	0.0227805028606626	0.0227805028606626
DKK4	-0.5	4.5	0.0260824903004983	0.0260824903004983
HNF1A	-0.5	3.9	0.0498158302787613	0.0498158302787613
GATA1	-0.5	3.5	0.0570591413782795	0.0570591413782795
CAMK2B	-0.5	4.7	0.05968604799029	0.05968604799029
FEN1	-0.5	8.3	0.0748506979547514	0.0748506979547514
FLT1	-0.5	7.1	0.0823660548588889	0.0823660548588889
HIST1H3B	-0.5	13.6	0.0944136338973367	0.0944136338973367
WNT2	-0.5	4.5	0.118039893574983	0.118039893574983
WEE1	-0.5	9.9	0.148370474697052	0.148370474697052
TCF3	-0.5	9	0.163630069392035	0.163630069392035
SOCS1	-0.5	8.6	0.186007886006693	0.186007886006693
FN1	-0.5	10.5	0.311197490571	0.311197490571
CTNNB1	-0.6	10.7	0.0102708343450358	0.0102708343450358
RAF1	-0.6	8.7	0.0234971945086979	0.0234971945086979
IFNA7	-0.6	3.1	0.024404870413603	0.024404870413603
SF3B1	-0.6	10.8	0.0313372302226992	0.0313372302226992
PRKACG	-0.6	4.2	0.0401848483915208	0.0401848483915208
TP53	-0.6	9.7	0.0502411981764997	0.0502411981764997
LTBP1	-0.6	7.4	0.184369123920585	0.184369123920585
WNT5A	-0.6	6.2	0.187729756912035	0.187729756912035
IFNA17	-0.7	4.2	0.0123671680015983	0.0123671680015983
BNIP3	-0.8	8.3	0.0734779651250636	0.0734779651250636
DTX1	-1.2	8.1	0.0161557943346722	0.0161557943346722
PTPRR	-1.3	3.3	0.0092255080801741	0.0092255080801741
PDGFD	-1.6	7.2	0.000680296320470798	0.000680296320470798
